Zeitstempel,Zeitstempel,Niederschlag [mm]
1917-12-31,1917-12-31,103.0
1918-01-31,1918-01-31,86.9949959903769
1918-02-28,1918-02-28,36.98999198075381
1918-03-31,1918-03-31,26.984987971130714
1918-04-30,1918-04-30,16.979983961507617
1918-05-31,1918-05-31,1.9749799518845228
1918-06-30,1918-06-30,0.0
1918-07-31,1918-07-31,1.964971932638332
1918-08-31,1918-08-31,0.0
1918-09-30,1918-09-30,0.9549639133921412
1918-10-31,1918-10-31,12.949959903769045
1918-11-30,1918-11-30,67.94495589414595
1918-12-31,1918-12-31,89.93995188452286
1919-01-31,1919-01-31,84.93494787489976
1919-02-28,1919-02-28,27.929943865276663
1919-03-31,1919-03-31,24.92493985565357
1919-04-30,1919-04-30,13.919935846030473
1919-05-31,1919-05-31,0.9149318364073777
1919-06-30,1919-06-30,0.0
1919-07-31,1919-07-31,2.904923817161187
1919-08-31,1919-08-31,0.0
1919-09-30,1919-09-30,0.0
1919-10-31,1919-10-31,10.8899117882919
1919-11-30,1919-11-30,59.884907778668804
1919-12-31,1919-12-31,93.87990376904571
1920-01-31,1920-01-31,86.87489975942262
1920-02-29,1920-02-29,36.86989574979952
1920-03-31,1920-03-31,22.864891740176425
1920-04-30,1920-04-30,21.85988773055333
1920-05-31,1920-05-31,4.854883720930233
1920-06-30,1920-06-30,0.0
1920-07-31,1920-07-31,2.8448757016840416
1920-08-31,1920-08-31,0.0
1920-09-30,1920-09-30,0.0
1920-10-31,1920-10-31,8.829863672814755
1920-11-30,1920-11-30,66.82485966319166
1920-12-31,1920-12-31,92.81985565356857
1921-01-31,1921-01-31,89.81485164394547
1921-02-28,1921-02-28,29.809847634322374
1921-03-31,1921-03-31,25.804843624699277
1921-04-30,1921-04-30,21.799839615076184
1921-05-31,1921-05-31,0.0
1921-06-30,1921-06-30,2.789831595829992
1921-07-31,1921-07-31,1.7848275862068965
1921-08-31,1921-08-31,2.779823576583801
1921-09-30,1921-09-30,1.7748195669607056
1921-10-31,1921-10-31,5.76981555733761
1921-11-30,1921-11-30,68.76481154771452
1921-12-31,1921-12-31,90.75980753809142
1922-01-31,1922-01-31,84.75480352846833
1922-02-28,1922-02-28,33.74979951884523
1922-03-31,1922-03-31,23.744795509222133
1922-04-30,1922-04-30,14.739791499599038
1922-05-31,1922-05-31,0.0
1922-06-30,1922-06-30,0.0
1922-07-31,1922-07-31,0.0
1922-08-31,1922-08-31,1.719775461106656
1922-09-30,1922-09-30,0.0
1922-10-31,1922-10-31,5.709767441860465
1922-11-30,1922-11-30,65.70476343223737
1922-12-31,1922-12-31,87.69975942261428
1923-01-31,1923-01-31,90.69475541299119
1923-02-28,1923-02-28,34.689751403368085
1923-03-31,1923-03-31,30.68474739374499
1923-04-30,1923-04-30,16.679743384121892
1923-05-31,1923-05-31,2.674739374498797
1923-06-30,1923-06-30,3.669735364875702
1923-07-31,1923-07-31,0.0
1923-08-31,1923-08-31,0.6597273456295107
1923-09-30,1923-09-30,0.0
1923-10-31,1923-10-31,11.64971932638332
1923-11-30,1923-11-30,68.64471531676023
1923-12-31,1923-12-31,91.63971130713713
1924-01-31,1924-01-31,84.63470729751404
1924-02-29,1924-02-29,36.62970328789094
1924-03-31,1924-03-31,23.624699278267844
1924-04-30,1924-04-30,12.619695268644747
1924-05-31,1924-05-31,0.0
1924-06-30,1924-06-30,0.0
1924-07-31,1924-07-31,0.0
1924-08-31,1924-08-31,2.5996792301523657
1924-09-30,1924-09-30,1.5946752205292702
1924-10-31,1924-10-31,11.589671210906175
1924-11-30,1924-11-30,61.58466720128308
1924-12-31,1924-12-31,86.57966319165999
1925-01-31,1925-01-31,84.57465918203688
1925-02-28,1925-02-28,35.569655172413796
1925-03-31,1925-03-31,26.564651162790696
1925-04-30,1925-04-30,20.559647153167603
1925-05-31,1925-05-31,0.0
1925-06-30,1925-06-30,2.5496391339214113
1925-07-31,1925-07-31,0.0
1925-08-31,1925-08-31,0.0
1925-09-30,1925-09-30,0.0
1925-10-31,1925-10-31,6.52962309542903
1925-11-30,1925-11-30,59.52461908580593
1925-12-31,1925-12-31,93.51961507618284
1926-01-31,1926-01-31,86.51461106655974
1926-02-28,1926-02-28,34.509607056936645
1926-03-31,1926-03-31,22.50460304731355
1926-04-30,1926-04-30,14.499599037690457
1926-05-31,1926-05-31,2.4945950280673617
1926-06-30,1926-06-30,2.4895910184442664
1926-07-31,1926-07-31,3.484587008821171
1926-08-31,1926-08-31,0.0
1926-09-30,1926-09-30,0.0
1926-10-31,1926-10-31,5.469574979951885
1926-11-30,1926-11-30,66.4645709703288
1926-12-31,1926-12-31,93.4595669607057
1927-01-31,1927-01-31,91.4545629510826
1927-02-28,1927-02-28,30.449558941459504
1927-03-31,1927-03-31,28.444554931836407
1927-04-30,1927-04-30,12.439550922213312
1927-05-31,1927-05-31,0.0
1927-06-30,1927-06-30,0.0
1927-07-31,1927-07-31,3.4245388933440255
1927-08-31,1927-08-31,0.4195348837209303
1927-09-30,1927-09-30,1.4145308740978346
1927-10-31,1927-10-31,11.409526864474739
1927-11-30,1927-11-30,62.40452285485164
1927-12-31,1927-12-31,93.39951884522854
1928-01-31,1928-01-31,85.39451483560545
1928-02-29,1928-02-29,28.389510825982356
1928-03-31,1928-03-31,23.384506816359263
1928-04-30,1928-04-30,16.379502806736166
1928-05-31,1928-05-31,0.0
1928-06-30,1928-06-30,0.0
1928-07-31,1928-07-31,3.3644907778668802
1928-08-31,1928-08-31,2.359486768243785
1928-09-30,1928-09-30,0.0
1928-10-31,1928-10-31,12.349478748997594
1928-11-30,1928-11-30,66.3444747393745
1928-12-31,1928-12-31,89.3394707297514
1929-01-31,1929-01-31,93.3344667201283
1929-02-28,1929-02-28,36.32946271050521
1929-03-31,1929-03-31,30.32445870088212
1929-04-30,1929-04-30,14.319454691259022
1929-05-31,1929-05-31,4.314450681635926
1929-06-30,1929-06-30,0.3094466720128308
1929-07-31,1929-07-31,0.0
1929-08-31,1929-08-31,2.29943865276664
1929-09-30,1929-09-30,1.2944346431435445
1929-10-31,1929-10-31,10.28943063352045
1929-11-30,1929-11-30,60.28442662389735
1929-12-31,1929-12-31,85.27942261427425
1930-01-31,1930-01-31,84.27441860465116
1930-02-28,1930-02-28,31.269414595028067
1930-03-31,1930-03-31,30.26441058540497
1930-04-30,1930-04-30,20.259406575781878
1930-05-31,1930-05-31,0.0
1930-06-30,1930-06-30,0.0
1930-07-31,1930-07-31,2.24439454691259
1930-08-31,1930-08-31,0.0
1930-09-30,1930-09-30,3.2343865276663992
1930-10-31,1930-10-31,11.229382518043304
1930-11-30,1930-11-30,64.2243785084202
1930-12-31,1930-12-31,89.21937449879711
1931-01-31,1931-01-31,89.21437048917402
1931-02-28,1931-02-28,36.20936647955092
1931-03-31,1931-03-31,25.204362469927826
1931-04-30,1931-04-30,19.19935846030473
1931-05-31,1931-05-31,1.1943544506816357
1931-06-30,1931-06-30,0.0
1931-07-31,1931-07-31,0.0
1931-08-31,1931-08-31,0.0
1931-09-30,1931-09-30,3.174338412189254
1931-10-31,1931-10-31,6.169334402566159
1931-11-30,1931-11-30,66.16433039294306
1931-12-31,1931-12-31,94.15932638331996
1932-01-31,1932-01-31,90.15432237369687
1932-02-29,1932-02-29,31.14931836407378
1932-03-31,1932-03-31,29.14431435445068
1932-04-30,1932-04-30,13.139310344827587
1932-05-31,1932-05-31,2.134306335204491
1932-06-30,1932-06-30,0.0
1932-07-31,1932-07-31,0.0
1932-08-31,1932-08-31,0.0
1932-09-30,1932-09-30,0.0
1932-10-31,1932-10-31,12.109286287089013
1932-11-30,1932-11-30,68.10428227746591
1932-12-31,1932-12-31,90.09927826784282
1933-01-31,1933-01-31,88.09427425821973
1933-02-28,1933-02-28,33.089270248596634
1933-03-31,1933-03-31,27.084266238973537
1933-04-30,1933-04-30,12.07926222935044
1933-05-31,1933-05-31,0.0
1933-06-30,1933-06-30,0.0
1933-07-31,1933-07-31,0.0
1933-08-31,1933-08-31,0.0
1933-09-30,1933-09-30,0.0
1933-10-31,1933-10-31,6.049238171611869
1933-11-30,1933-11-30,61.044234161988776
1933-12-31,1933-12-31,92.03923015236568
1934-01-31,1934-01-31,86.03422614274258
1934-02-28,1934-02-28,36.02922213311949
1934-03-31,1934-03-31,26.024218123496393
1934-04-30,1934-04-30,12.019214113873296
1934-05-31,1934-05-31,0.0
1934-06-30,1934-06-30,3.009206094627105
1934-07-31,1934-07-31,0.0
1934-08-31,1934-08-31,0.0
1934-09-30,1934-09-30,0.0
1934-10-31,1934-10-31,4.989190056134723
1934-11-30,1934-11-30,66.98418604651162
1934-12-31,1934-12-31,84.97918203688853
1935-01-31,1935-01-31,83.97417802726544
1935-02-28,1935-02-28,35.969174017642345
1935-03-31,1935-03-31,28.964170008019245
1935-04-30,1935-04-30,17.959165998396152
1935-05-31,1935-05-31,0.0
1935-06-30,1935-06-30,1.9491579791499598
1935-07-31,1935-07-31,0.9441539695268646
1935-08-31,1935-08-31,0.0
1935-09-30,1935-09-30,1.9341459502806737
1935-10-31,1935-10-31,7.929141940657578
1935-11-30,1935-11-30,60.92413793103448
1935-12-31,1935-12-31,90.91913392141139
1936-01-31,1936-01-31,90.9141299117883
1936-02-29,1936-02-29,26.909125902165197
1936-03-31,1936-03-31,29.9041218925421
1936-04-30,1936-04-30,15.899117882919006
1936-05-31,1936-05-31,3.89411387329591
1936-06-30,1936-06-30,0.0
1936-07-31,1936-07-31,0.8841058540497193
1936-08-31,1936-08-31,0.0
1936-09-30,1936-09-30,0.0
1936-10-31,1936-10-31,11.869093825180434
1936-11-30,1936-11-30,60.864089815557335
1936-12-31,1936-12-31,93.85908580593424
1937-01-31,1937-01-31,84.85408179631115
1937-02-28,1937-02-28,28.849077786688053
1937-03-31,1937-03-31,29.844073777064956
1937-04-30,1937-04-30,16.83906976744186
1937-05-31,1937-05-31,1.8340657578187651
1937-06-30,1937-06-30,0.0
1937-07-31,1937-07-31,0.0
1937-08-31,1937-08-31,2.819053728949479
1937-09-30,1937-09-30,0.0
1937-10-31,1937-10-31,12.809045709703287
1937-11-30,1937-11-30,60.80404170008019
1937-12-31,1937-12-31,89.7990376904571
1938-01-31,1938-01-31,85.794033680834
1938-02-28,1938-02-28,28.789029671210905
1938-03-31,1938-03-31,30.784025661587812
1938-04-30,1938-04-30,20.779021651964715
1938-05-31,1938-05-31,0.0
1938-06-30,1938-06-30,0.0
1938-07-31,1938-07-31,0.0
1938-08-31,1938-08-31,0.0
1938-09-30,1938-09-30,0.0
1938-10-31,1938-10-31,7.748997594226143
1938-11-30,1938-11-30,65.74399358460305
1938-12-31,1938-12-31,87.73898957497995
1939-01-31,1939-01-31,83.73398556535686
1939-02-28,1939-02-28,31.72898155573376
1939-03-31,1939-03-31,28.723977546110667
1939-04-30,1939-04-30,16.71897353648757
1939-05-31,1939-05-31,0.0
1939-06-30,1939-06-30,0.0
1939-07-31,1939-07-31,1.7039615076182837
1939-08-31,1939-08-31,0.0
1939-09-30,1939-09-30,0.0
1939-10-31,1939-10-31,8.688949478748997
1939-11-30,1939-11-30,67.6839454691259
1939-12-31,1939-12-31,88.67894145950281
1940-01-31,1940-01-31,84.67393744987972
1940-02-29,1940-02-29,34.668933440256616
1940-03-31,1940-03-31,24.66392943063352
1940-04-30,1940-04-30,14.658925421010425
1940-05-31,1940-05-31,0.0
1940-06-30,1940-06-30,0.0
1940-07-31,1940-07-31,0.0
1940-08-31,1940-08-31,0.0
1940-09-30,1940-09-30,1.633905372894948
1940-10-31,1940-10-31,5.6289013632718525
1940-11-30,1940-11-30,65.62389735364876
1940-12-31,1940-12-31,90.61889334402566
1941-01-31,1941-01-31,83.61388933440257
1941-02-28,1941-02-28,31.60888532477947
1941-03-31,1941-03-31,24.603881315156375
1941-04-30,1941-04-30,13.59887730553328
1941-05-31,1941-05-31,0.0
1941-06-30,1941-06-30,2.588869286287089
1941-07-31,1941-07-31,0.0
1941-08-31,1941-08-31,1.578861267040898
1941-09-30,1941-09-30,0.0
1941-10-31,1941-10-31,10.568853247794706
1941-11-30,1941-11-30,66.56384923817161
1941-12-31,1941-12-31,93.55884522854852
1942-01-31,1942-01-31,92.55384121892543
1942-02-28,1942-02-28,31.548837209302327
1942-03-31,1942-03-31,27.54383319967923
1942-04-30,1942-04-30,16.538829190056134
1942-05-31,1942-05-31,0.0
1942-06-30,1942-06-30,2.5288211708099437
1942-07-31,1942-07-31,0.5238171611868483
1942-08-31,1942-08-31,0.0
1942-09-30,1942-09-30,0.0
1942-10-31,1942-10-31,11.508805132317562
1942-11-30,1942-11-30,64.50380112269447
1942-12-31,1942-12-31,84.49879711307138
1943-01-31,1943-01-31,90.49379310344827
1943-02-28,1943-02-28,27.48878909382518
1943-03-31,1943-03-31,30.483785084202086
1943-04-30,1943-04-30,14.47878107457899
1943-05-31,1943-05-31,0.4737770649558941
1943-06-30,1943-06-30,0.0
1943-07-31,1943-07-31,0.0
1943-08-31,1943-08-31,0.4587650360866078
1943-09-30,1943-09-30,0.0
1943-10-31,1943-10-31,8.448757016840418
1943-11-30,1943-11-30,67.44375300721732
1943-12-31,1943-12-31,84.43874899759423
1944-01-31,1944-01-31,90.43374498797112
1944-02-29,1944-02-29,27.428740978348035
1944-03-31,1944-03-31,21.42373696872494
1944-04-30,1944-04-30,16.418732959101845
1944-05-31,1944-05-31,0.41372894947874883
1944-06-30,1944-06-30,0.0
1944-07-31,1944-07-31,0.0
1944-08-31,1944-08-31,0.0
1944-09-30,1944-09-30,0.0
1944-10-31,1944-10-31,3.3887089013632714
1944-11-30,1944-11-30,61.38370489174017
1944-12-31,1944-12-31,84.37870088211709
1945-01-31,1945-01-31,90.37369687249398
1945-02-28,1945-02-28,35.36869286287089
1945-03-31,1945-03-31,23.363688853247794
1945-04-30,1945-04-30,14.3586848436247
1945-05-31,1945-05-31,3.353680834001604
1945-06-30,1945-06-30,0.0
1945-07-31,1945-07-31,0.0
1945-08-31,1945-08-31,0.0
1945-09-30,1945-09-30,0.0
1945-10-31,1945-10-31,9.328660785886127
1945-11-30,1945-11-30,66.32365677626304
1945-12-31,1945-12-31,88.31865276663994
1946-01-31,1946-01-31,83.31364875701684
1946-02-28,1946-02-28,34.30864474739374
1946-03-31,1946-03-31,30.30364073777065
1946-04-30,1946-04-30,14.298636728147553
1946-05-31,1946-05-31,0.0
1946-06-30,1946-06-30,0.0
1946-07-31,1946-07-31,0.28362469927826783
1946-08-31,1946-08-31,0.0
1946-09-30,1946-09-30,0.0
1946-10-31,1946-10-31,6.268612670408982
1946-11-30,1946-11-30,66.26360866078589
1946-12-31,1946-12-31,93.25860465116278
1947-01-31,1947-01-31,92.25360064153969
1947-02-28,1947-02-28,32.2485966319166
1947-03-31,1947-03-31,26.243592622293505
1947-04-30,1947-04-30,17.23858861267041
1947-05-31,1947-05-31,0.0
1947-06-30,1947-06-30,0.0
1947-07-31,1947-07-31,0.0
1947-08-31,1947-08-31,1.2185725741780273
1947-09-30,1947-09-30,0.0
1947-10-31,1947-10-31,6.2085645549318365
1947-11-30,1947-11-30,67.20356054530875
1947-12-31,1947-12-31,87.19855653568564
1948-01-31,1948-01-31,90.19355252606255
1948-02-29,1948-02-29,31.188548516439454
1948-03-31,1948-03-31,25.18354450681636
1948-04-30,1948-04-30,14.178540497193264
1948-05-31,1948-05-31,0.0
1948-06-30,1948-06-30,0.0
1948-07-31,1948-07-31,0.1635284683239775
1948-08-31,1948-08-31,0.0
1948-09-30,1948-09-30,0.0
1948-10-31,1948-10-31,8.148516439454692
1948-11-30,1948-11-30,62.143512429831596
1948-12-31,1948-12-31,86.1385084202085
1949-01-31,1949-01-31,88.1335044105854
1949-02-28,1949-02-28,32.12850040096231
1949-03-31,1949-03-31,22.123496391339213
1949-04-30,1949-04-30,13.118492381716118
1949-05-31,1949-05-31,0.0
1949-06-30,1949-06-30,0.0
1949-07-31,1949-07-31,0.0
1949-08-31,1949-08-31,0.0
1949-09-30,1949-09-30,0.0
1949-10-31,1949-10-31,5.088468323977546
1949-11-30,1949-11-30,63.08346431435445
1949-12-31,1949-12-31,84.07846030473135
1950-01-31,1950-01-31,85.07345629510826
1950-02-28,1950-02-28,26.068452285485165
1950-03-31,1950-03-31,22.06344827586207
1950-04-30,1950-04-30,17.058444266238972
1950-05-31,1950-05-31,0.0
1950-06-30,1950-06-30,0.0
1950-07-31,1950-07-31,2.043432237369687
1950-08-31,1950-08-31,0.0
1950-09-30,1950-09-30,0.0
1950-10-31,1950-10-31,8.028420208500402
1950-11-30,1950-11-30,65.0234161988773
1950-12-31,1950-12-31,87.0184121892542
1951-01-31,1951-01-31,85.01340817963111
1951-02-28,1951-02-28,35.00840417000802
1951-03-31,1951-03-31,22.003400160384924
1951-04-30,1951-04-30,13.998396150761828
1951-05-31,1951-05-31,0.0
1951-06-30,1951-06-30,0.0
1951-07-31,1951-07-31,0.0
1951-08-31,1951-08-31,0.0
1951-09-30,1951-09-30,0.0
1951-10-31,1951-10-31,5.968372093023255
1951-11-30,1951-11-30,60.96336808340016
1951-12-31,1951-12-31,90.95836407377706
1952-01-31,1952-01-31,82.95336006415397
1952-02-29,1952-02-29,25.948356054530873
1952-03-31,1952-03-31,24.94335204490778
1952-04-30,1952-04-30,14.938348035284683
1952-05-31,1952-05-31,0.0
1952-06-30,1952-06-30,0.0
1952-07-31,1952-07-31,0.0
1952-08-31,1952-08-31,0.9183319967923014
1952-09-30,1952-09-30,0.0
1952-10-31,1952-10-31,10.908323977546111
1952-11-30,1952-11-30,57.90331996792302
1952-12-31,1952-12-31,84.89831595829992
1953-01-31,1953-01-31,84.89331194867682
1953-02-28,1953-02-28,31.88830793905373
1953-03-31,1953-03-31,22.88330392943063
1953-04-30,1953-04-30,14.878299919807539
1953-05-31,1953-05-31,2.8732959101844426
1953-06-30,1953-06-30,1.8682919005613474
1953-07-31,1953-07-31,0.8632878909382518
1953-08-31,1953-08-31,0.0
1953-09-30,1953-09-30,0.0
1953-10-31,1953-10-31,6.848275862068965
1953-11-30,1953-11-30,61.843271852445866
1953-12-31,1953-12-31,83.83826784282277
1954-01-31,1954-01-31,85.83326383319968
1954-02-28,1954-02-28,34.82825982357659
1954-03-31,1954-03-31,29.823255813953487
1954-04-30,1954-04-30,13.818251804330393
1954-05-31,1954-05-31,0.0
1954-06-30,1954-06-30,0.0
1954-07-31,1954-07-31,0.0
1954-08-31,1954-08-31,0.0
1954-09-30,1954-09-30,0.0
1954-10-31,1954-10-31,4.78822774659182
1954-11-30,1954-11-30,62.78322373696872
1954-12-31,1954-12-31,92.77821972734563
1955-01-31,1955-01-31,91.77321571772254
1955-02-28,1955-02-28,28.76821170809944
1955-03-31,1955-03-31,20.763207698476343
1955-04-30,1955-04-30,15.758203688853248
1955-05-31,1955-05-31,0.7531996792301525
1955-06-30,1955-06-30,0.0
1955-07-31,1955-07-31,0.0
1955-08-31,1955-08-31,0.0
1955-09-30,1955-09-30,0.0
1955-10-31,1955-10-31,7.728179631114675
1955-11-30,1955-11-30,65.72317562149158
1955-12-31,1955-12-31,87.71817161186848
1956-01-31,1956-01-31,83.71316760224539
1956-02-29,1956-02-29,31.70816359262229
1956-03-31,1956-03-31,21.7031595829992
1956-04-30,1956-04-30,16.698155573376102
1956-05-31,1956-05-31,0.0
1956-06-30,1956-06-30,1.688147554129912
1956-07-31,1956-07-31,0.6831435445068164
1956-08-31,1956-08-31,0.0
1956-09-30,1956-09-30,1.6731355252606255
1956-10-31,1956-10-31,8.66813151563753
1956-11-30,1956-11-30,64.66312750601443
1956-12-31,1956-12-31,84.65812349639134
1957-01-31,1957-01-31,89.65311948676825
1957-02-28,1957-02-28,34.64811547714515
1957-03-31,1957-03-31,24.643111467522054
1957-04-30,1957-04-30,10.638107457898958
1957-05-31,1957-05-31,0.0
1957-06-30,1957-06-30,0.0
1957-07-31,1957-07-31,0.0
1957-08-31,1957-08-31,0.0
1957-09-30,1957-09-30,0.0
1957-10-31,1957-10-31,4.608083400160385
1957-11-30,1957-11-30,63.60307939053729
1957-12-31,1957-12-31,85.5980753809142
1958-01-31,1958-01-31,90.5930713712911
1958-02-28,1958-02-28,26.588067361668003
1958-03-31,1958-03-31,24.583063352044906
1958-04-30,1958-04-30,11.578059342421813
1958-05-31,1958-05-31,0.0
1958-06-30,1958-06-30,1.5680513231756215
1958-07-31,1958-07-31,0.0
1958-08-31,1958-08-31,0.0
1958-09-30,1958-09-30,0.0
1958-10-31,1958-10-31,3.5480352846832397
1958-11-30,1958-11-30,64.54303127506014
1958-12-31,1958-12-31,89.53802726543705
1959-01-31,1959-01-31,84.53302325581396
1959-02-28,1959-02-28,32.52801924619086
1959-03-31,1959-03-31,21.523015236567762
1959-04-30,1959-04-30,18.518011226944665
1959-05-31,1959-05-31,0.0
1959-06-30,1959-06-30,0.0
1959-07-31,1959-07-31,0.0
1959-08-31,1959-08-31,0.0
1959-09-30,1959-09-30,1.49299117882919
1959-10-31,1959-10-31,6.487987169206095
1959-11-30,1959-11-30,60.482983159583
1959-12-31,1959-12-31,86.4779791499599
1960-01-31,1960-01-31,87.47297514033681
1960-02-29,1960-02-29,34.467971130713714
1960-03-31,1960-03-31,25.462967121090617
1960-04-30,1960-04-30,17.45796311146752
1960-05-31,1960-05-31,0.0
1960-06-30,1960-06-30,0.0
1960-07-31,1960-07-31,0.0
1960-08-31,1960-08-31,0.0
1960-09-30,1960-09-30,0.0
1960-10-31,1960-10-31,4.427939053728949
1960-11-30,1960-11-30,66.42293504410586
1960-12-31,1960-12-31,84.41793103448276
1961-01-31,1961-01-31,87.41292702485967
1961-02-28,1961-02-28,34.40792301523657
1961-03-31,1961-03-31,22.402919005613473
1961-04-30,1961-04-30,15.397914995990376
1961-05-31,1961-05-31,0.0
1961-06-30,1961-06-30,0.38790697674418606
1961-07-31,1961-07-31,0.0
1961-08-31,1961-08-31,0.0
1961-09-30,1961-09-30,0.0
1961-10-31,1961-10-31,2.3678909382518043
1961-11-30,1961-11-30,59.36288692862871
1961-12-31,1961-12-31,87.35788291900562
1962-01-31,1962-01-31,89.35287890938251
1962-02-28,1962-02-28,28.34787489975942
1962-03-31,1962-03-31,20.34287089013633
1962-04-30,1962-04-30,16.337866880513232
1962-05-31,1962-05-31,0.0
1962-06-30,1962-06-30,0.0
1962-07-31,1962-07-31,0.0
1962-08-31,1962-08-31,0.0
1962-09-30,1962-09-30,0.0
1962-10-31,1962-10-31,10.30784282277466
1962-11-30,1962-11-30,66.30283881315157
1962-12-31,1962-12-31,90.29783480352847
1963-01-31,1963-01-31,90.29283079390537
1963-02-28,1963-02-28,33.28782678428228
1963-03-31,1963-03-31,26.28282277465918
1963-04-30,1963-04-30,16.277818765036088
1963-05-31,1963-05-31,0.0
1963-06-30,1963-06-30,1.267810745789896
1963-07-31,1963-07-31,0.0
1963-08-31,1963-08-31,0.0
1963-09-30,1963-09-30,0.0
1963-10-31,1963-10-31,9.247794707297514
1963-11-30,1963-11-30,64.24279069767442
1963-12-31,1963-12-31,87.23778668805133
1964-01-31,1964-01-31,82.23278267842822
1964-02-29,1964-02-29,33.22777866880513
1964-03-31,1964-03-31,24.222774659182036
1964-04-30,1964-04-30,13.217770649558942
1964-05-31,1964-05-31,0.0
1964-06-30,1964-06-30,0.0
1964-07-31,1964-07-31,0.202758620689655
1964-08-31,1964-08-31,0.0
1964-09-30,1964-09-30,0.19275060144346412
1964-10-31,1964-10-31,3.187746591820369
1964-11-30,1964-11-30,62.18274258219727
1964-12-31,1964-12-31,87.17773857257419
1965-01-31,1965-01-31,86.17273456295108
1965-02-28,1965-02-28,31.16773055332799
1965-03-31,1965-03-31,28.162726543704892
1965-04-30,1965-04-30,13.157722534081795
1965-05-31,1965-05-31,0.0
1965-06-30,1965-06-30,0.0
1965-07-31,1965-07-31,0.0
1965-08-31,1965-08-31,0.0
1965-09-30,1965-09-30,0.0
1965-10-31,1965-10-31,11.127698476343223
1965-11-30,1965-11-30,62.12269446672013
1965-12-31,1965-12-31,90.11769045709703
1966-01-31,1966-01-31,82.11268644747393
1966-02-28,1966-02-28,29.10768243785084
1966-03-31,1966-03-31,29.102678428227748
1966-04-30,1966-04-30,12.097674418604651
1966-05-31,1966-05-31,0.0
1966-06-30,1966-06-30,0.0
1966-07-31,1966-07-31,0.0
1966-08-31,1966-08-31,0.0
1966-09-30,1966-09-30,0.0
1966-10-31,1966-10-31,4.067650360866079
1966-11-30,1966-11-30,66.06264635124299
1966-12-31,1966-12-31,86.05764234161988
1967-01-31,1967-01-31,84.05263833199679
1967-02-28,1967-02-28,33.047634322373696
1967-03-31,1967-03-31,25.042630312750603
1967-04-30,1967-04-30,19.037626303127507
1967-05-31,1967-05-31,1.032622293504411
1967-06-30,1967-06-30,0.0
1967-07-31,1967-07-31,0.0
1967-08-31,1967-08-31,0.0
1967-09-30,1967-09-30,0.0
1967-10-31,1967-10-31,6.0076022453889335
1967-11-30,1967-11-30,64.00259823576584
1967-12-31,1967-12-31,87.99759422614274
1968-01-31,1968-01-31,84.99259021651964
1968-02-29,1968-02-29,27.98758620689655
1968-03-31,1968-03-31,28.982582197273455
1968-04-30,1968-04-30,11.97757818765036
1968-05-31,1968-05-31,0.0
1968-06-30,1968-06-30,0.96757016840417
1968-07-31,1968-07-31,0.0
1968-08-31,1968-08-31,0.0
1968-09-30,1968-09-30,0.0
1968-10-31,1968-10-31,10.947554129911788
1968-11-30,1968-11-30,61.94255012028869
1968-12-31,1968-12-31,83.9375461106656
1969-01-31,1969-01-31,85.9325421010425
1969-02-28,1969-02-28,27.927538091419407
1969-03-31,1969-03-31,25.92253408179631
1969-04-30,1969-04-30,11.917530072173216
1969-05-31,1969-05-31,0.0
1969-06-30,1969-06-30,0.0
1969-07-31,1969-07-31,0.902518043303929
1969-08-31,1969-08-31,0.0
1969-09-30,1969-09-30,0.8925100240577386
1969-10-31,1969-10-31,1.887506014434643
1969-11-30,1969-11-30,57.88250200481155
1969-12-31,1969-12-31,82.87749799518845
1970-01-31,1970-01-31,84.87249398556536
1970-02-28,1970-02-28,27.867489975942263
1970-03-31,1970-03-31,20.862485966319166
1970-04-30,1970-04-30,12.85748195669607
1970-05-31,1970-05-31,0.0
1970-06-30,1970-06-30,0.8474739374498794
1970-07-31,1970-07-31,0.0
1970-08-31,1970-08-31,0.0
1970-09-30,1970-09-30,0.0
1970-10-31,1970-10-31,2.8274578989574977
1970-11-30,1970-11-30,65.8224538893344
1970-12-31,1970-12-31,88.8174498797113
1971-01-31,1971-01-31,88.81244587008821
1971-02-28,1971-02-28,26.807441860465115
1971-03-31,1971-03-31,23.802437850842022
1971-04-30,1971-04-30,10.797433841218925
1971-05-31,1971-05-31,0.0
1971-06-30,1971-06-30,0.0
1971-07-31,1971-07-31,0.0
1971-08-31,1971-08-31,0.0
1971-09-30,1971-09-30,0.772413793103448
1971-10-31,1971-10-31,4.767409783480353
1971-11-30,1971-11-30,60.76240577385726
1971-12-31,1971-12-31,86.75740176423416
1972-01-31,1972-01-31,89.75239775461107
1972-02-29,1972-02-29,28.74739374498797
1972-03-31,1972-03-31,23.742389735364874
1972-04-30,1972-04-30,11.737385725741781
1972-05-31,1972-05-31,0.0
1972-06-30,1972-06-30,0.0
1972-07-31,1972-07-31,0.0
1972-08-31,1972-08-31,0.0
1972-09-30,1972-09-30,0.0
1972-10-31,1972-10-31,3.707361668003208
1972-11-30,1972-11-30,61.70235765838011
1972-12-31,1972-12-31,88.69735364875702
1973-01-31,1973-01-31,88.69234963913392
1973-02-28,1973-02-28,29.687345629510826
1973-03-31,1973-03-31,28.68234161988773
1973-04-30,1973-04-30,9.677337610264635
1973-05-31,1973-05-31,0.0
1973-06-30,1973-06-30,0.0
1973-07-31,1973-07-31,0.0
1973-08-31,1973-08-31,0.0
1973-09-30,1973-09-30,0.6523175621491575
1973-10-31,1973-10-31,10.647313552526063
1973-11-30,1973-11-30,58.642309542902964
1973-12-31,1973-12-31,85.63730553327987
1974-01-31,1974-01-31,85.63230152365678
1974-02-28,1974-02-28,32.62729751403368
1974-03-31,1974-03-31,23.622293504410585
1974-04-30,1974-04-30,13.61728949478749
1974-05-31,1974-05-31,0.6122854851643944
1974-06-30,1974-06-30,0.0
1974-07-31,1974-07-31,0.0
1974-08-31,1974-08-31,0.0
1974-09-30,1974-09-30,0.0
1974-10-31,1974-10-31,4.587265437048917
1974-11-30,1974-11-30,64.58226142742582
1974-12-31,1974-12-31,83.57725741780273
1975-01-31,1975-01-31,89.57225340817963
1975-02-28,1975-02-28,32.567249398556534
1975-03-31,1975-03-31,21.56224538893344
1975-04-30,1975-04-30,18.557241379310344
1975-05-31,1975-05-31,0.5522373696872496
1975-06-30,1975-06-30,0.0
1975-07-31,1975-07-31,0.0
1975-08-31,1975-08-31,0.0
1975-09-30,1975-09-30,0.0
1975-10-31,1975-10-31,6.527217321571772
1975-11-30,1975-11-30,59.522213311948676
1975-12-31,1975-12-31,86.51720930232558
1976-01-31,1976-01-31,83.51220529270249
1976-02-29,1976-02-29,27.50720128307939
1976-03-31,1976-03-31,23.502197273456297
1976-04-30,1976-04-30,11.4971932638332
1976-05-31,1976-05-31,0.0
1976-06-30,1976-06-30,0.0
1976-07-31,1976-07-31,0.0
1976-08-31,1976-08-31,0.0
1976-09-30,1976-09-30,0.4721732157177221
1976-10-31,1976-10-31,4.467169206094627
1976-11-30,1976-11-30,62.46216519647153
1976-12-31,1976-12-31,88.45716118684844
1977-01-31,1977-01-31,89.45215717722535
1977-02-28,1977-02-28,28.447153167602245
1977-03-31,1977-03-31,25.44214915797915
1977-04-30,1977-04-30,11.437145148356056
1977-05-31,1977-05-31,0.0
1977-06-30,1977-06-30,0.0
1977-07-31,1977-07-31,0.0
1977-08-31,1977-08-31,0.0
1977-09-30,1977-09-30,0.0
1977-10-31,1977-10-31,3.407121090617482
1977-11-30,1977-11-30,64.40211708099439
1977-12-31,1977-12-31,83.3971130713713
1978-01-31,1978-01-31,86.3921090617482
1978-02-28,1978-02-28,30.3871050521251
1978-03-31,1978-03-31,21.382101042502004
1978-04-30,1978-04-30,9.37709703287891
1978-05-31,1978-05-31,0.0
1978-06-30,1978-06-30,0.0
1978-07-31,1978-07-31,0.0
1978-08-31,1978-08-31,0.0
1978-09-30,1978-09-30,0.0
1978-10-31,1978-10-31,9.347072975140337
1978-11-30,1978-11-30,57.34206896551724
1978-12-31,1978-12-31,86.33706495589415
1979-01-31,1979-01-31,84.33206094627106
1979-02-28,1979-02-28,24.327056936647956
1979-03-31,1979-03-31,24.32205292702486
1979-04-30,1979-04-30,14.317048917401763
1979-05-31,1979-05-31,0.3120449077786689
1979-06-30,1979-06-30,0.0
1979-07-31,1979-07-31,0.302036888532478
1979-08-31,1979-08-31,0.0
1979-09-30,1979-09-30,0.0
1979-10-31,1979-10-31,1.2870248596631915
1979-11-30,1979-11-30,64.2820208500401
1979-12-31,1979-12-31,83.277016840417
1980-01-31,1980-01-31,81.2720128307939
1980-02-29,1980-02-29,26.26700882117081
1980-03-31,1980-03-31,21.262004811547715
1980-04-30,1980-04-30,15.257000801924619
1980-05-31,1980-05-31,0.0
1980-06-30,1980-06-30,0.2469927826784284
1980-07-31,1980-07-31,0.0
1980-08-31,1980-08-31,0.0
1980-09-30,1980-09-30,0.0
1980-10-31,1980-10-31,3.2269767441860466
1980-11-30,1980-11-30,61.221972734562954
1980-12-31,1980-12-31,84.21696872493986
1981-01-31,1981-01-31,83.21196471531675
1981-02-28,1981-02-28,25.206960705693664
1981-03-31,1981-03-31,22.201956696070567
1981-04-30,1981-04-30,11.196952686447474
1981-05-31,1981-05-31,0.0
1981-06-30,1981-06-30,0.0
1981-07-31,1981-07-31,0.0
1981-08-31,1981-08-31,0.0
1981-09-30,1981-09-30,0.0
1981-10-31,1981-10-31,1.1669286287089018
1981-11-30,1981-11-30,56.16192461908581
1981-12-31,1981-12-31,91.15692060946272
1982-01-31,1982-01-31,84.15191659983961
1982-02-28,1982-02-28,25.14691259021652
1982-03-31,1982-03-31,26.141908580593423
1982-04-30,1982-04-30,15.136904570970328
1982-05-31,1982-05-31,0.0
1982-06-30,1982-06-30,0.0
1982-07-31,1982-07-31,0.12189254210104261
1982-08-31,1982-08-31,0.0
1982-09-30,1982-09-30,0.0
1982-10-31,1982-10-31,2.106880513231756
1982-11-30,1982-11-30,62.10187650360866
1982-12-31,1982-12-31,87.09687249398557
1983-01-31,1983-01-31,81.09186848436246
1983-02-28,1983-02-28,28.086864474739375
1983-03-31,1983-03-31,20.08186046511628
1983-04-30,1983-04-30,13.076856455493184
1983-05-31,1983-05-31,0.0
1983-06-30,1983-06-30,0.0
1983-07-31,1983-07-31,0.0
1983-08-31,1983-08-31,0.05684041700080167
1983-09-30,1983-09-30,0.0
1983-10-31,1983-10-31,4.046832397754612
1983-11-30,1983-11-30,56.04182838813151
1983-12-31,1983-12-31,88.03682437850841
1984-01-31,1984-01-31,83.03182036888532
1984-02-29,1984-02-29,32.02681635926223
1984-03-31,1984-03-31,24.021812349639134
1984-04-30,1984-04-30,11.016808340016038
1984-05-31,1984-05-31,0.0
1984-06-30,1984-06-30,0.0
1984-07-31,1984-07-31,0.0
1984-08-31,1984-08-31,0.0
1984-09-30,1984-09-30,0.0
1984-10-31,1984-10-31,7.986784282277466
1984-11-30,1984-11-30,55.98178027265437
1984-12-31,1984-12-31,90.97677626303127
1985-01-31,1985-01-31,86.97177225340818
1985-02-28,1985-02-28,26.966768243785083
1985-03-31,1985-03-31,19.96176423416199
1985-04-30,1985-04-30,13.956760224538893
1985-05-31,1985-05-31,0.0
1985-06-30,1985-06-30,0.0
1985-07-31,1985-07-31,0.0
1985-08-31,1985-08-31,0.0
1985-09-30,1985-09-30,0.0
1985-10-31,1985-10-31,3.9267361668003202
1985-11-30,1985-11-30,56.921732157177225
1985-12-31,1985-12-31,84.91672814755412
1986-01-31,1986-01-31,89.91172413793103
1986-02-28,1986-02-28,23.90672012830794
1986-03-31,1986-03-31,26.901716118684845
1986-04-30,1986-04-30,14.896712109061749
1986-05-31,1986-05-31,0.0
1986-06-30,1986-06-30,0.0
1986-07-31,1986-07-31,0.0
1986-08-31,1986-08-31,0.0
1986-09-30,1986-09-30,0.0
1986-10-31,1986-10-31,6.866688051323176
1986-11-30,1986-11-30,60.86168404170008
1986-12-31,1986-12-31,90.85668003207698
1987-01-31,1987-01-31,85.85167602245389
1987-02-28,1987-02-28,26.846672012830794
1987-03-31,1987-03-31,25.841668003207698
1987-04-30,1987-04-30,16.8366639935846
1987-05-31,1987-05-31,0.0
1987-06-30,1987-06-30,0.0
1987-07-31,1987-07-31,0.0
1987-08-31,1987-08-31,0.0
1987-09-30,1987-09-30,0.0
1987-10-31,1987-10-31,4.8066399358460306
1987-11-30,1987-11-30,58.801635926222936
1987-12-31,1987-12-31,87.79663191659984
1988-01-31,1988-01-31,86.79162790697674
1988-02-29,1988-02-29,29.78662389735365
1988-03-31,1988-03-31,26.781619887730553
1988-04-30,1988-04-30,13.776615878107458
1988-05-31,1988-05-31,0.0
1988-06-30,1988-06-30,0.0
1988-07-31,1988-07-31,0.0
1988-08-31,1988-08-31,0.0
1988-09-30,1988-09-30,0.0
1988-10-31,1988-10-31,1.7465918203688853
1988-11-30,1988-11-30,63.74158781074579
1988-12-31,1988-12-31,82.73658380112269
1989-01-31,1989-01-31,85.7315797914996
1989-02-28,1989-02-28,24.726575781876505
1989-03-31,1989-03-31,20.72157177225341
1989-04-30,1989-04-30,14.716567762630312
1989-05-31,1989-05-31,0.0
1989-06-30,1989-06-30,0.0
1989-07-31,1989-07-31,0.0
1989-08-31,1989-08-31,0.0
1989-09-30,1989-09-30,0.0
1989-10-31,1989-10-31,0.68654370489174
1989-11-30,1989-11-30,58.68153969526865
1989-12-31,1989-12-31,84.67653568564555
1990-01-31,1990-01-31,84.67153167602245
1990-02-28,1990-02-28,28.666527666399357
1990-03-31,1990-03-31,21.661523656776264
1990-04-30,1990-04-30,9.656519647153168
1990-05-31,1990-05-31,0.0
1990-06-30,1990-06-30,0.0
1990-07-31,1990-07-31,0.0
1990-08-31,1990-08-31,0.0
1990-09-30,1990-09-30,0.0
1990-10-31,1990-10-31,9.626495589414596
1990-11-30,1990-11-30,62.621491579791495
1990-12-31,1990-12-31,85.6164875701684
1991-01-31,1991-01-31,86.61148356054531
1991-02-28,1991-02-28,24.606479550922213
1991-03-31,1991-03-31,22.601475541299116
1991-04-30,1991-04-30,15.596471531676023
1991-05-31,1991-05-31,0.0
1991-06-30,1991-06-30,0.0
1991-07-31,1991-07-31,0.0
1991-08-31,1991-08-31,0.0
1991-09-30,1991-09-30,0.0
1991-10-31,1991-10-31,8.56644747393745
1991-11-30,1991-11-30,58.56144346431435
1991-12-31,1991-12-31,84.55643945469126
1992-01-31,1992-01-31,88.55143544506817
1992-02-29,1992-02-29,30.54643143544507
1992-03-31,1992-03-31,20.541427425821972
1992-04-30,1992-04-30,11.536423416198877
1992-05-31,1992-05-31,0.0
1992-06-30,1992-06-30,0.0
1992-07-31,1992-07-31,0.0
1992-08-31,1992-08-31,0.0
1992-09-30,1992-09-30,0.0
1992-10-31,1992-10-31,4.506399358460305
1992-11-30,1992-11-30,60.50139534883721
1992-12-31,1992-12-31,81.49639133921411
1993-01-31,1993-01-31,81.49138732959102
1993-02-28,1993-02-28,32.48638331996792
1993-03-31,1993-03-31,19.481379310344828
1993-04-30,1993-04-30,8.476375300721731
1993-05-31,1993-05-31,0.4713712910986363
1993-06-30,1993-06-30,0.0
1993-07-31,1993-07-31,0.0
1993-08-31,1993-08-31,0.0
1993-09-30,1993-09-30,0.0
1993-10-31,1993-10-31,7.44635124298316
1993-11-30,1993-11-30,62.44134723336006
1993-12-31,1993-12-31,82.43634322373697
1994-01-31,1994-01-31,87.43133921411388
1994-02-28,1994-02-28,29.426335204490776
1994-03-31,1994-03-31,22.421331194867683
1994-04-30,1994-04-30,17.416327185244587
1994-05-31,1994-05-31,0.0
1994-06-30,1994-06-30,0.0
1994-07-31,1994-07-31,0.0
1994-08-31,1994-08-31,0.0
1994-09-30,1994-09-30,0.0
1994-10-31,1994-10-31,9.386303127506014
1994-11-30,1994-11-30,62.38129911788292
1994-12-31,1994-12-31,83.37629510825982
1995-01-31,1995-01-31,88.37129109863673
1995-02-28,1995-02-28,25.366287089013632
1995-03-31,1995-03-31,18.36128307939054
1995-04-30,1995-04-30,15.356279069767442
1995-05-31,1995-05-31,0.0
1995-06-30,1995-06-30,0.0
1995-07-31,1995-07-31,0.0
1995-08-31,1995-08-31,0.0
1995-09-30,1995-09-30,0.0
1995-10-31,1995-10-31,3.326255012028869
1995-11-30,1995-11-30,58.32125100240577
1995-12-31,1995-12-31,88.31624699278268
1996-01-31,1996-01-31,83.31124298315959
1996-02-29,1996-02-29,29.306238973536487
1996-03-31,1996-03-31,24.301234963913394
1996-04-30,1996-04-30,15.296230954290296
1996-05-31,1996-05-31,0.0
1996-06-30,1996-06-30,0.0
1996-07-31,1996-07-31,0.0
1996-08-31,1996-08-31,0.0
1996-09-30,1996-09-30,0.0
1996-10-31,1996-10-31,8.266206896551724
1996-11-30,1996-11-30,62.26120288692863
1996-12-31,1996-12-31,82.25619887730554
1997-01-31,1997-01-31,89.25119486768244
1997-02-28,1997-02-28,27.246190858059343
1997-03-31,1997-03-31,27.241186848436246
1997-04-30,1997-04-30,15.236182838813152
1997-05-31,1997-05-31,0.0
1997-06-30,1997-06-30,0.0
1997-07-31,1997-07-31,0.0
1997-08-31,1997-08-31,0.0
1997-09-30,1997-09-30,0.0
1997-10-31,1997-10-31,9.206158781074578
1997-11-30,1997-11-30,59.201154771451485
1997-12-31,1997-12-31,81.19615076182839
1998-01-31,1998-01-31,89.1911467522053
1998-02-28,1998-02-28,24.1861427425822
1998-03-31,1998-03-31,19.181138732959102
1998-04-30,1998-04-30,17.176134723336006
1998-05-31,1998-05-31,0.0
1998-06-30,1998-06-30,0.0
1998-07-31,1998-07-31,0.0
1998-08-31,1998-08-31,0.0
1998-09-30,1998-09-30,0.0
1998-10-31,1998-10-31,8.146110665597433
1998-11-30,1998-11-30,55.14110665597434
1998-12-31,1998-12-31,85.13610264635125
1999-01-31,1999-01-31,81.13109863672815
1999-02-28,1999-02-28,29.126094627105054
1999-03-31,1999-03-31,22.121090617481958
1999-04-30,1999-04-30,11.116086607858861
1999-05-31,1999-05-31,0.0
1999-06-30,1999-06-30,0.0
1999-07-31,1999-07-31,0.0
1999-08-31,1999-08-31,0.0
1999-09-30,1999-09-30,0.0
1999-10-31,1999-10-31,4.086062550120289
1999-11-30,1999-11-30,58.081058540497196
1999-12-31,1999-12-31,85.0760545308741
2000-01-31,2000-01-31,83.07105052125101
2000-02-29,2000-02-29,31.066046511627906
2000-03-31,2000-03-31,27.06104250200481
2000-04-30,2000-04-30,12.056038492381717
2000-05-31,2000-05-31,0.0
2000-06-30,2000-06-30,0.0
2000-07-31,2000-07-31,0.0
2000-08-31,2000-08-31,0.0
2000-09-30,2000-09-30,0.0
2000-10-31,2000-10-31,0.02601443464314368
2000-11-30,2000-11-30,60.02101042502005
2000-12-31,2000-12-31,87.01600641539696
2001-01-31,2001-01-31,86.01100240577385
2001-02-28,2001-02-28,29.005998396150762
2001-03-31,2001-03-31,21.000994386527665
2001-04-30,2001-04-30,11.995990376904572
2001-05-31,2001-05-31,0.0
2001-06-30,2001-06-30,0.0
2001-07-31,2001-07-31,0.0
2001-08-31,2001-08-31,0.0
2001-09-30,2001-09-30,0.0
2001-10-31,2001-10-31,2.9659663191659984
2001-11-30,2001-11-30,63.9609623095429
2001-12-31,2001-12-31,84.95595829991981
2002-01-31,2002-01-31,82.9509542902967
2002-02-28,2002-02-28,26.945950280673618
2002-03-31,2002-03-31,19.94094627105052
2002-04-30,2002-04-30,11.935942261427424
2002-05-31,2002-05-31,0.0
2002-06-30,2002-06-30,0.0
2002-07-31,2002-07-31,0.0
2002-08-31,2002-08-31,0.0
2002-09-30,2002-09-30,0.0
2002-10-31,2002-10-31,6.905918203688853
2002-11-30,2002-11-30,61.900914194065756
2002-12-31,2002-12-31,88.89591018444267
2003-01-31,2003-01-31,80.89090617481956
2003-02-28,2003-02-28,29.88590216519647
2003-03-31,2003-03-31,17.880898155573377
2003-04-30,2003-04-30,10.87589414595028
2003-05-31,2003-05-31,0.0
2003-06-30,2003-06-30,0.0
2003-07-31,2003-07-31,0.0
2003-08-31,2003-08-31,0.0
2003-09-30,2003-09-30,0.0
2003-10-31,2003-10-31,8.845870088211708
2003-11-30,2003-11-30,55.84086607858861
2003-12-31,2003-12-31,83.83586206896551
2004-01-31,2004-01-31,86.83085805934242
2004-02-29,2004-02-29,23.825854049719325
2004-03-31,2004-03-31,21.820850040096232
2004-04-30,2004-04-30,10.815846030473136
2004-05-31,2004-05-31,0.0
2004-06-30,2004-06-30,0.0
2004-07-31,2004-07-31,0.0
2004-08-31,2004-08-31,0.0
2004-09-30,2004-09-30,0.0
2004-10-31,2004-10-31,1.7858219727345634
2004-11-30,2004-11-30,63.78081796311147
2004-12-31,2004-12-31,82.77581395348837
2005-01-31,2005-01-31,80.77080994386527
2005-02-28,2005-02-28,24.76580593424218
2005-03-31,2005-03-31,22.760801924619088
2005-04-30,2005-04-30,7.75579791499599
2005-05-31,2005-05-31,0.0
2005-06-30,2005-06-30,0.0
2005-07-31,2005-07-31,0.0
2005-08-31,2005-08-31,0.0
2005-09-30,2005-09-30,0.0
2005-10-31,2005-10-31,0.0
2005-11-30,2005-11-30,62.72076984763432
2005-12-31,2005-12-31,86.71576583801122
2006-01-31,2006-01-31,80.71076182838813
2006-02-28,2006-02-28,26.705757818765036
2006-03-31,2006-03-31,18.70075380914194
2006-04-30,2006-04-30,15.695749799518845
2006-05-31,2006-05-31,0.0
2006-06-30,2006-06-30,0.0
2006-07-31,2006-07-31,0.0
2006-08-31,2006-08-31,0.0
2006-09-30,2006-09-30,0.0
2006-10-31,2006-10-31,8.665725741780271
2006-11-30,2006-11-30,56.66072173215718
2006-12-31,2006-12-31,84.65571772253408
2007-01-31,2007-01-31,82.65071371291099
2007-02-28,2007-02-28,28.645709703287892
2007-03-31,2007-03-31,23.640705693664795
2007-04-30,2007-04-30,15.635701684041699
2007-05-31,2007-05-31,0.0
2007-06-30,2007-06-30,0.0
2007-07-31,2007-07-31,0.0
2007-08-31,2007-08-31,0.0
2007-09-30,2007-09-30,0.0
2007-10-31,2007-10-31,3.6056776263031276
2007-11-30,2007-11-30,62.600673616680034
2007-12-31,2007-12-31,88.59566960705693
2008-01-31,2008-01-31,83.59066559743384
2008-02-29,2008-02-29,24.585661587810748
2008-03-31,2008-03-31,21.58065757818765
2008-04-30,2008-04-30,13.575653568564555
2008-05-31,2008-05-31,0.0
2008-06-30,2008-06-30,0.0
2008-07-31,2008-07-31,0.0
2008-08-31,2008-08-31,0.0
2008-09-30,2008-09-30,0.0
2008-10-31,2008-10-31,7.545629510825982
2008-11-30,2008-11-30,55.54062550120289
2008-12-31,2008-12-31,81.53562149157979
2009-01-31,2009-01-31,81.5306174819567
2009-02-28,2009-02-28,25.5256134723336
2009-03-31,2009-03-31,17.520609462710503
2009-04-30,2009-04-30,13.51560545308741
2009-05-31,2009-05-31,0.0
2009-06-30,2009-06-30,0.0
2009-07-31,2009-07-31,0.0
2009-08-31,2009-08-31,0.0
2009-09-30,2009-09-30,0.0
2009-10-31,2009-10-31,7.485581395348837
2009-11-30,2009-11-30,56.48057738572574
2009-12-31,2009-12-31,86.47557337610264
2010-01-31,2010-01-31,80.47056936647955
2010-02-28,2010-02-28,26.465565356856455
2010-03-31,2010-03-31,26.46056134723336
2010-04-30,2010-04-30,13.455557337610264
2010-05-31,2010-05-31,0.0
2010-06-30,2010-06-30,0.0
2010-07-31,2010-07-31,0.0
2010-08-31,2010-08-31,0.0
2010-09-30,2010-09-30,0.0
2010-10-31,2010-10-31,4.425533279871693
2010-11-30,2010-11-30,61.42052927024859
2010-12-31,2010-12-31,83.4155252606255
2011-01-31,2011-01-31,85.41052125100241
2011-02-28,2011-02-28,31.40551724137931
2011-03-31,2011-03-31,21.400513231756214
2011-04-30,2011-04-30,13.39550922213312
2011-05-31,2011-05-31,0.0
2011-06-30,2011-06-30,0.0
2011-07-31,2011-07-31,0.0
2011-08-31,2011-08-31,0.0
2011-09-30,2011-09-30,0.0
2011-10-31,2011-10-31,0.36548516439454737
2011-11-30,2011-11-30,56.36048115477145
2011-12-31,2011-12-31,84.35547714514836
2012-01-31,2012-01-31,87.35047313552526
2012-02-29,2012-02-29,22.345469125902163
2012-03-31,2012-03-31,17.34046511627907
2012-04-30,2012-04-30,14.335461106655973
2012-05-31,2012-05-31,0.0
2012-06-30,2012-06-30,0.0
2012-07-31,2012-07-31,0.0
2012-08-31,2012-08-31,0.0
2012-09-30,2012-09-30,0.0
2012-10-31,2012-10-31,4.305437048917401
2012-11-30,2012-11-30,54.300433039294305
2012-12-31,2012-12-31,87.29542902967121
2013-01-31,2013-01-31,82.29042502004812
2013-02-28,2013-02-28,31.28542101042502
2013-03-31,2013-03-31,24.280417000801926
2013-04-30,2013-04-30,13.275412991178829
2013-05-31,2013-05-31,0.0
2013-06-30,2013-06-30,0.0
2013-07-31,2013-07-31,0.0
2013-08-31,2013-08-31,0.0
2013-09-30,2013-09-30,0.0
2013-10-31,2013-10-31,7.245388933440257
2013-11-30,2013-11-30,58.24038492381716
2013-12-31,2013-12-31,87.23538091419407
2014-01-31,2014-01-31,85.23037690457097
2014-02-28,2014-02-28,24.225372894947874
2014-03-31,2014-03-31,23.22036888532478
2014-04-30,2014-04-30,12.215364875701685
2014-05-31,2014-05-31,0.0
2014-06-30,2014-06-30,0.0
2014-07-31,2014-07-31,0.0
2014-08-31,2014-08-31,0.0
2014-09-30,2014-09-30,0.0
2014-10-31,2014-10-31,5.1853408179631115
2014-11-30,2014-11-30,54.180336808340016
2014-12-31,2014-12-31,82.17533279871692
2015-01-31,2015-01-31,82.17032878909383
2015-02-28,2015-02-28,23.16532477947073
2015-03-31,2015-03-31,24.160320769847633
2015-04-30,2015-04-30,14.155316760224538
2015-05-31,2015-05-31,0.0
2015-06-30,2015-06-30,0.0
2015-07-31,2015-07-31,0.0
2015-08-31,2015-08-31,0.0
2015-09-30,2015-09-30,0.0
2015-10-31,2015-10-31,5.125292702485966
2015-11-30,2015-11-30,54.12028869286287
2015-12-31,2015-12-31,86.11528468323978
2016-01-31,2016-01-31,85.11028067361669
2016-02-29,2016-02-29,28.105276663993585
2016-03-31,2016-03-31,19.10027265437049
2016-04-30,2016-04-30,14.095268644747392
2016-05-31,2016-05-31,0.0
2016-06-30,2016-06-30,0.0
2016-07-31,2016-07-31,0.0
2016-08-31,2016-08-31,0.0
2016-09-30,2016-09-30,0.0
2016-10-31,2016-10-31,1.0652445870088219
2016-11-30,2016-11-30,55.06024057738573
2016-12-31,2016-12-31,81.05523656776263
2017-01-31,2017-01-31,79.05023255813954
2017-02-28,2017-02-28,27.04522854851644
2017-03-31,2017-03-31,24.040224538893344
2017-04-30,2017-04-30,14.035220529270248
2017-05-31,2017-05-31,0.0
2017-06-30,2017-06-30,0.0
2017-07-31,2017-07-31,0.0
2017-08-31,2017-08-31,0.0
2017-09-30,2017-09-30,0.0
2017-10-31,2017-10-31,7.005196471531676
2017-11-30,2017-11-30,58.00019246190858
2017-12-31,2017-12-31,87.99518845228549
2018-01-31,2018-01-31,79.99018444266238
2018-02-28,2018-02-28,27.985180433039293
2018-03-31,2018-03-31,22.980176423416196
2018-04-30,2018-04-30,12.975172413793103
2018-05-31,2018-05-31,0.0
2018-06-30,2018-06-30,0.0
2018-07-31,2018-07-31,0.0
2018-08-31,2018-08-31,0.0
2018-09-30,2018-09-30,0.0
2018-10-31,2018-10-31,3.9451483560545304
2018-11-30,2018-11-30,55.94014434643144
2018-12-31,2018-12-31,81.93514033680835
2019-01-31,2019-01-31,85.93013632718524
2019-02-28,2019-02-28,25.92513231756215
2019-03-31,2019-03-31,24.920128307939052
2019-04-30,2019-04-30,11.915124298315959
2019-05-31,2019-05-31,0.0
2019-06-30,2019-06-30,0.0
2019-07-31,2019-07-31,0.0
2019-08-31,2019-08-31,0.0
2019-09-30,2019-09-30,0.0
2019-10-31,2019-10-31,2.885100240577386
2019-11-30,2019-11-30,55.88009623095429
2019-12-31,2019-12-31,82.8750922213312
2020-01-31,2020-01-31,85.8700882117081
2020-02-29,2020-02-29,27.865084202085004
2020-03-31,2020-03-31,17.860080192461908
2020-04-30,2020-04-30,14.855076182838815
2020-05-31,2020-05-31,0.0
2020-06-30,2020-06-30,0.0
2020-07-31,2020-07-31,0.0
2020-08-31,2020-08-31,0.0
2020-09-30,2020-09-30,0.0
2020-10-31,2020-10-31,7.825052125100241
2020-11-30,2020-11-30,53.82004811547714
2020-12-31,2020-12-31,83.81504410585406
2021-01-31,2021-01-31,81.81004009623095
2021-02-28,2021-02-28,22.805036086607856
2021-03-31,2021-03-31,16.800032076984763
2021-04-30,2021-04-30,12.795028067361667
2021-05-31,2021-05-31,0.0
2021-06-30,2021-06-30,0.0
2021-07-31,2021-07-31,0.0
2021-08-31,2021-08-31,0.0
2021-09-30,2021-09-30,0.0
2021-10-31,2021-10-31,5.7650040096230954
2021-11-30,2021-11-30,55.76
